<?xml version="1.0" encoding="UTF-8"?>
<root>
  <item name="com.google.android.exoplayer2.source.ads.AdPlaybackState.AdGroup AdGroup(long, int, int, int[], android.net.Uri[], long[], long, boolean) 3">
    <annotation name="androidx.annotation.IntDef">
      <val name="value" val="{com.google.android.exoplayer2.source.ads.AdPlaybackState.AD_STATE_UNAVAILABLE, com.google.android.exoplayer2.source.ads.AdPlaybackState.AD_STATE_AVAILABLE, com.google.android.exoplayer2.source.ads.AdPlaybackState.AD_STATE_SKIPPED, com.google.android.exoplayer2.source.ads.AdPlaybackState.AD_STATE_PLAYED, com.google.android.exoplayer2.source.ads.AdPlaybackState.AD_STATE_ERROR}" />
    </annotation>
  </item>
  <item name="com.google.android.exoplayer2.source.ads.AdPlaybackState.AdGroup com.google.android.exoplayer2.source.ads.AdPlaybackState.AdGroup withAdState(int, int) 0">
    <annotation name="androidx.annotation.IntDef">
      <val name="value" val="{com.google.android.exoplayer2.source.ads.AdPlaybackState.AD_STATE_UNAVAILABLE, com.google.android.exoplayer2.source.ads.AdPlaybackState.AD_STATE_AVAILABLE, com.google.android.exoplayer2.source.ads.AdPlaybackState.AD_STATE_SKIPPED, com.google.android.exoplayer2.source.ads.AdPlaybackState.AD_STATE_PLAYED, com.google.android.exoplayer2.source.ads.AdPlaybackState.AD_STATE_ERROR}" />
    </annotation>
  </item>
  <item name="com.google.android.exoplayer2.source.ads.AdPlaybackState.AdGroup int[] copyStatesWithSpaceForAdCount(int[], int)">
    <annotation name="androidx.annotation.IntDef">
      <val name="value" val="{com.google.android.exoplayer2.source.ads.AdPlaybackState.AD_STATE_UNAVAILABLE, com.google.android.exoplayer2.source.ads.AdPlaybackState.AD_STATE_AVAILABLE, com.google.android.exoplayer2.source.ads.AdPlaybackState.AD_STATE_SKIPPED, com.google.android.exoplayer2.source.ads.AdPlaybackState.AD_STATE_PLAYED, com.google.android.exoplayer2.source.ads.AdPlaybackState.AD_STATE_ERROR}" />
    </annotation>
  </item>
  <item name="com.google.android.exoplayer2.source.ads.AdPlaybackState.AdGroup int[] copyStatesWithSpaceForAdCount(int[], int) 0">
    <annotation name="androidx.annotation.IntDef">
      <val name="value" val="{com.google.android.exoplayer2.source.ads.AdPlaybackState.AD_STATE_UNAVAILABLE, com.google.android.exoplayer2.source.ads.AdPlaybackState.AD_STATE_AVAILABLE, com.google.android.exoplayer2.source.ads.AdPlaybackState.AD_STATE_SKIPPED, com.google.android.exoplayer2.source.ads.AdPlaybackState.AD_STATE_PLAYED, com.google.android.exoplayer2.source.ads.AdPlaybackState.AD_STATE_ERROR}" />
    </annotation>
  </item>
  <item name="com.google.android.exoplayer2.source.ads.AdPlaybackState.AdGroup states">
    <annotation name="androidx.annotation.IntDef">
      <val name="value" val="{com.google.android.exoplayer2.source.ads.AdPlaybackState.AD_STATE_UNAVAILABLE, com.google.android.exoplayer2.source.ads.AdPlaybackState.AD_STATE_AVAILABLE, com.google.android.exoplayer2.source.ads.AdPlaybackState.AD_STATE_SKIPPED, com.google.android.exoplayer2.source.ads.AdPlaybackState.AD_STATE_PLAYED, com.google.android.exoplayer2.source.ads.AdPlaybackState.AD_STATE_ERROR}" />
    </annotation>
  </item>
  <item name="com.google.android.exoplayer2.source.ads.AdPlaybackState.AdState">
    <annotation name="androidx.annotation.IntDef">
      <val name="value" val="{com.google.android.exoplayer2.source.ads.AdPlaybackState.AD_STATE_UNAVAILABLE, com.google.android.exoplayer2.source.ads.AdPlaybackState.AD_STATE_AVAILABLE, com.google.android.exoplayer2.source.ads.AdPlaybackState.AD_STATE_SKIPPED, com.google.android.exoplayer2.source.ads.AdPlaybackState.AD_STATE_PLAYED, com.google.android.exoplayer2.source.ads.AdPlaybackState.AD_STATE_ERROR}" />
    </annotation>
  </item>
</root>

