<?xml version="1.0" encoding="UTF-8"?>
<root>
  <item name="com.google.android.exoplayer2.extractor.avi.AviExtractor state">
    <annotation name="androidx.annotation.IntDef">
      <val name="value" val="{com.google.android.exoplayer2.extractor.avi.AviExtractor.STATE_SKIPPING_TO_HDRL, com.google.android.exoplayer2.extractor.avi.AviExtractor.STATE_READING_HDRL_HEADER, com.google.android.exoplayer2.extractor.avi.AviExtractor.STATE_READING_HDRL_BODY, com.google.android.exoplayer2.extractor.avi.AviExtractor.STATE_FINDING_MOVI_HEADER, com.google.android.exoplayer2.extractor.avi.AviExtractor.STATE_FINDING_IDX1_HEADER, com.google.android.exoplayer2.extractor.avi.AviExtractor.STATE_READING_IDX1_BODY, com.google.android.exoplayer2.extractor.avi.AviExtractor.STATE_READING_SAMPLES}" />
    </annotation>
  </item>
  <item name="com.google.android.exoplayer2.extractor.avi.ChunkReader int getChunkIdFourCc(int, int) 1">
    <annotation name="androidx.annotation.IntDef">
      <val name="value" val="{com.google.android.exoplayer2.extractor.avi.ChunkReader.CHUNK_TYPE_VIDEO_COMPRESSED, com.google.android.exoplayer2.extractor.avi.ChunkReader.CHUNK_TYPE_VIDEO_UNCOMPRESSED, com.google.android.exoplayer2.extractor.avi.ChunkReader.CHUNK_TYPE_AUDIO}" />
    </annotation>
  </item>
</root>

